Year,FIPS_Code,State,County,Labor_Force_Participation_Rate,Unemployment_Rate,Median_Household_Income,Poverty_Percent_All_Ages,Poverty_Percent_Age_0_17,Pct_Never_Married,Pct_Divorced,Pct_Less_Than_HS,Pct_HS_Grad,Pct_Bachelors_Plus,Rural_Urban_Continuum_Code,LA_Opioid_Rate,LA_Tot_Opioid_Clms
2013,54001,West Virginia,Barbour,51.8,8.0,37327,17.6,28.7,55.1,7.4,14.6,46.1,11.7,6.0,5.85,253.0
2014,54001,West Virginia,Barbour,49.7,8.9,36351,19.8,29.1,53.5,7.7,12.8,48.2,12.2,6.0,10.56,649.0
2015,54001,West Virginia,Barbour,51.2,9.0,37066,21.5,30.3,52.0,7.4,12.7,47.1,11.9,6.0,10.95,565.0
2016,54001,West Virginia,Barbour,51.5,7.9,36733,22.4,32.5,51.1,7.1,13.2,43.9,12.8,6.0,7.85,352.0
2017,54001,West Virginia,Barbour,51.1,8.9,37516,22.5,32.5,49.6,7.6,12.1,44.5,15.3,6.0,7.47,320.0
2018,54001,West Virginia,Barbour,51.4,8.0,39580,23.0,34.7,50.3,7.9,10.8,46.1,16.6,6.0,5.57,194.0
2019,54001,West Virginia,Barbour,52.6,7.6,38459,20.8,30.8,48.3,8.0,10.9,47.3,15.6,6.0,4.89,117.0
2020,54001,West Virginia,Barbour,53.0,8.4,38906,21.0,32.7,47.1,10.0,8.7,50.6,13.9,6.0,5.5,138.0
2021,54001,West Virginia,Barbour,50.3,10.0,42260,20.8,30.5,47.1,10.2,8.6,53.1,13.0,6.0,6.42,198.0
2022,54001,West Virginia,Barbour,49.9,10.1,44341,22.0,32.5,48.1,10.8,8.5,54.0,11.8,6.0,6.87,192.0
2023,54001,West Virginia,Barbour,50.0,10.3,48347,20.8,29.1,45.8,10.3,8.0,53.4,12.2,9.0,5.41,155.0
2013,54003,West Virginia,Berkeley,66.1,11.9,53515,13.1,18.6,53.4,5.6,9.9,39.6,19.1,2.0,14.07,3348.0
2014,54003,West Virginia,Berkeley,65.9,11.2,55100,14.6,22.4,52.5,5.5,10.5,39.1,20.0,2.0,15.45,3794.0
2015,54003,West Virginia,Berkeley,65.3,9.7,55239,14.2,22.0,51.8,5.6,9.6,38.2,19.7,2.0,15.54,3653.0
2016,54003,West Virginia,Berkeley,65.1,9.0,57148,13.2,19.7,52.0,5.3,9.7,37.7,20.3,2.0,14.95,3244.0
2017,54003,West Virginia,Berkeley,65.5,8.3,59480,13.0,18.8,52.5,5.5,8.8,38.0,20.7,2.0,12.98,2252.0
2018,54003,West Virginia,Berkeley,65.0,6.9,60615,12.7,18.9,52.4,5.5,8.2,37.5,21.0,2.0,12.66,2162.0
2019,54003,West Virginia,Berkeley,65.4,6.0,62515,12.2,18.2,51.9,5.2,7.9,37.6,21.2,2.0,11.97,2163.0
2020,54003,West Virginia,Berkeley,66.9,6.0,65286,10.9,15.0,51.3,5.4,6.9,37.4,22.8,2.0,8.85,1126.0
2021,54003,West Virginia,Berkeley,66.0,4.8,68101,10.7,13.5,49.8,5.4,6.6,37.3,23.4,2.0,11.56,1399.0
2022,54003,West Virginia,Berkeley,66.4,4.6,73619,10.9,13.4,50.0,5.0,6.5,36.3,24.3,2.0,10.76,1300.0
2023,54003,West Virginia,Berkeley,66.7,4.8,77329,11.4,14.2,48.9,5.3,6.5,36.9,24.3,2.0,8.92,997.0
2013,54005,West Virginia,Boone,46.7,10.3,42156,20.7,28.5,56.5,8.3,13.9,50.4,6.9,3.0,4.97,414.0
2014,54005,West Virginia,Boone,45.9,9.3,42740,21.1,29.8,55.7,8.4,14.8,50.0,7.3,3.0,4.85,343.0
2015,54005,West Virginia,Boone,43.5,9.2,39958,23.3,35.2,55.2,8.5,13.1,49.4,8.8,3.0,4.46,319.0
2016,54005,West Virginia,Boone,41.5,9.6,37820,26.0,40.0,52.8,8.7,13.3,50.5,8.7,3.0,3.24,245.0
2017,54005,West Virginia,Boone,41.8,10.6,37955,24.4,38.5,53.8,8.9,14.4,50.1,7.9,3.0,3.26,243.0
2018,54005,West Virginia,Boone,40.0,9.4,38642,24.3,35.6,53.1,9.1,13.5,50.6,8.4,3.0,3.42,287.0
2019,54005,West Virginia,Boone,40.3,10.6,40739,23.1,32.2,53.4,8.7,13.3,49.7,9.7,3.0,2.91,240.0
2020,54005,West Virginia,Boone,42.7,12.4,45297,18.8,23.5,54.7,8.1,11.1,46.6,11.6,3.0,2.34,191.0
2021,54005,West Virginia,Boone,42.5,13.9,50598,17.8,19.5,50.8,8.3,11.3,47.2,11.3,3.0,2.06,155.0
2022,54005,West Virginia,Boone,44.2,9.8,56182,16.5,16.1,49.1,8.6,10.3,47.5,11.7,3.0,2.18,160.0
2023,54005,West Virginia,Boone,44.4,8.8,56152,17.3,20.8,49.3,8.9,10.1,46.8,11.9,3.0,1.62,114.0
2013,54007,West Virginia,Braxton,50.1,13.5,31848,22.0,29.9,54.3,7.8,18.7,46.7,8.4,8.0,6.94,302.0
2014,54007,West Virginia,Braxton,49.8,13.7,31984,21.3,30.6,52.4,8.5,17.6,48.7,8.8,8.0,6.05,252.0
2015,54007,West Virginia,Braxton,51.7,14.4,32750,21.0,27.7,52.4,8.4,13.7,49.1,12.0,8.0,4.0,151.0
2016,54007,West Virginia,Braxton,52.3,14.6,38092,20.2,29.5,52.5,9.4,12.5,51.1,12.2,8.0,4.03,120.0
2017,54007,West Virginia,Braxton,52.9,15.3,41266,22.1,33.6,55.5,8.3,12.8,46.6,15.7,8.0,4.64,137.0
2018,54007,West Virginia,Braxton,53.0,13.9,42213,21.8,35.8,56.0,7.1,12.2,47.5,15.1,8.0,5.06,124.0
2019,54007,West Virginia,Braxton,52.0,14.4,41466,22.0,36.9,54.6,7.7,12.5,46.3,14.9,8.0,3.85,75.0
2020,54007,West Virginia,Braxton,50.2,12.3,43819,18.6,27.7,52.9,7.8,11.4,47.3,14.0,8.0,2.37,39.0
2021,54007,West Virginia,Braxton,45.6,15.8,42519,18.3,25.8,49.3,7.6,11.1,47.3,13.8,8.0,2.57,37.0
2022,54007,West Virginia,Braxton,42.6,14.4,42245,18.2,22.2,47.2,8.3,11.2,52.0,11.7,8.0,3.33,50.0
2023,54007,West Virginia,Braxton,42.1,12.8,44449,18.8,21.7,48.2,8.6,10.6,51.1,11.9,8.0,4.3,70.0
2013,54009,West Virginia,Brooke,56.0,10.1,42493,13.1,22.8,49.5,9.1,5.3,49.4,15.0,3.0,10.44,352.0
2014,54009,West Virginia,Brooke,54.5,8.1,44067,13.6,24.6,49.4,9.0,6.3,47.9,15.7,3.0,7.57,247.0
2015,54009,West Virginia,Brooke,55.6,6.4,46215,13.1,20.7,50.3,8.8,6.1,43.7,18.5,3.0,8.27,240.0
2016,54009,West Virginia,Brooke,55.2,4.1,46265,12.7,19.9,49.6,8.6,6.1,40.0,19.8,3.0,8.42,244.0
2017,54009,West Virginia,Brooke,55.6,3.5,48835,13.0,21.6,50.6,8.3,5.9,39.9,19.9,3.0,5.19,114.0
2018,54009,West Virginia,Brooke,55.2,3.1,49772,13.6,20.5,50.3,8.4,6.1,41.7,19.4,3.0,2.89,58.0
2019,54009,West Virginia,Brooke,55.5,3.8,51496,13.2,17.9,49.7,8.5,6.4,40.9,19.0,3.0,1.75,29.0
2020,54009,West Virginia,Brooke,54.7,3.8,48168,12.3,17.2,46.8,10.5,5.4,41.0,20.2,3.0,2.01,30.0
2021,54009,West Virginia,Brooke,54.7,4.9,51210,11.8,17.5,45.9,10.4,5.4,41.7,20.5,3.0,2.01,29.0
2022,54009,West Virginia,Brooke,54.0,5.7,51963,11.0,12.5,44.1,10.3,5.6,42.3,21.9,3.0,1.37,21.0
2023,54009,West Virginia,Brooke,54.6,6.0,52116,12.1,17.1,44.1,11.0,5.5,41.5,21.9,3.0,1.72,22.0
2013,54011,West Virginia,Cabell,55.6,7.8,38374,22.2,30.4,44.8,7.7,9.5,33.5,27.7,2.0,9.5,7925.0
2014,54011,West Virginia,Cabell,54.6,7.1,37716,22.6,30.1,43.3,7.7,9.6,33.0,28.5,2.0,10.89,9473.0
2015,54011,West Virginia,Cabell,54.1,6.8,38344,21.7,27.4,43.0,7.8,9.2,31.9,26.9,2.0,11.3,10090.0
2016,54011,West Virginia,Cabell,54.2,6.6,37760,21.8,26.6,42.5,7.4,9.2,31.9,26.1,2.0,10.79,8602.0
2017,54011,West Virginia,Cabell,53.0,5.5,37816,23.2,29.8,42.7,7.1,8.7,32.7,25.7,2.0,9.14,6342.0
2018,54011,West Virginia,Cabell,52.6,5.4,38321,22.5,26.6,42.1,7.2,8.3,33.1,25.7,2.0,8.55,5255.0
2019,54011,West Virginia,Cabell,52.2,5.4,40028,22.3,26.0,41.7,7.2,8.2,33.3,26.0,2.0,7.79,4586.0
2020,54011,West Virginia,Cabell,53.2,5.7,41472,22.3,25.4,42.9,6.7,7.6,32.7,27.1,2.0,7.58,4310.0
2021,54011,West Virginia,Cabell,54.3,5.5,43779,21.2,25.6,42.2,6.6,7.2,32.5,28.3,2.0,7.46,4021.0
2022,54011,West Virginia,Cabell,55.5,6.1,48944,20.1,23.7,42.1,7.0,7.0,31.2,30.3,2.0,6.89,3720.0
2023,54011,West Virginia,Cabell,56.9,5.8,52828,19.8,23.6,42.7,6.9,6.9,30.3,32.4,2.0,6.21,3231.0
2013,54013,West Virginia,Calhoun,50.4,16.2,31679,22.0,34.3,54.3,10.4,12.5,57.1,6.3,8.0,6.17,100.0
2014,54013,West Virginia,Calhoun,49.5,18.9,31017,22.9,34.2,52.2,9.1,15.0,53.4,6.7,8.0,6.22,106.0
2015,54013,West Virginia,Calhoun,48.7,18.1,35568,17.7,20.7,55.7,8.7,15.1,48.9,10.4,8.0,7.7,152.0
2016,54013,West Virginia,Calhoun,48.8,16.2,39384,15.9,21.5,56.3,7.6,14.4,45.8,11.9,8.0,8.27,132.0
2017,54013,West Virginia,Calhoun,43.1,14.5,36279,17.1,22.5,54.4,7.8,13.9,43.5,10.6,8.0,10.13,110.0
2018,54013,West Virginia,Calhoun,42.7,15.3,37610,18.9,23.0,55.7,7.9,11.4,48.5,11.0,8.0,8.54,101.0
2019,54013,West Virginia,Calhoun,41.2,14.0,38382,21.7,27.1,57.4,6.6,11.9,46.7,12.2,8.0,7.15,77.0
2020,54013,West Virginia,Calhoun,46.7,10.6,38668,24.5,44.6,52.8,5.6,10.6,45.7,12.2,8.0,6.33,63.0
2021,54013,West Virginia,Calhoun,42.5,11.2,37428,28.4,47.9,51.7,6.4,9.9,53.3,10.2,8.0,6.33,63.0
2022,54013,West Virginia,Calhoun,42.4,12.2,39031,33.7,53.9,51.5,7.7,8.2,55.0,8.3,8.0,6.33,63.0
2023,54013,West Virginia,Calhoun,40.2,10.9,41421,33.4,49.7,50.3,8.2,9.6,55.2,10.1,8.0,6.33,63.0
2013,54015,West Virginia,Clay,47.3,8.8,31613,24.8,29.9,56.2,7.3,12.6,47.0,5.6,3.0,0.96,16.0
2014,54015,West Virginia,Clay,46.2,9.9,32933,25.5,28.4,57.4,6.9,16.0,46.5,7.5,3.0,1.2,22.0
2015,54015,West Virginia,Clay,45.1,12.3,31325,28.2,30.0,55.8,5.4,13.2,49.1,9.8,3.0,4.64,103.0
2016,54015,West Virginia,Clay,42.0,10.9,33639,23.1,19.5,54.0,6.0,14.1,46.9,10.1,3.0,4.23,80.0
2017,54015,West Virginia,Clay,39.5,10.8,34242,25.2,24.5,51.2,7.6,11.8,52.0,9.0,3.0,1.56,19.0
2018,54015,West Virginia,Clay,40.3,8.1,35875,27.1,29.3,50.6,7.6,11.5,53.5,9.5,3.0,5.29,90.0
2019,54015,West Virginia,Clay,39.9,7.9,35024,27.5,35.2,50.2,6.8,11.4,51.8,9.2,3.0,4.22,45.0
2020,54015,West Virginia,Clay,41.6,12.8,35154,28.2,40.1,51.2,7.9,11.8,52.7,10.3,3.0,1.25,11.0
2021,54015,West Virginia,Clay,39.5,14.6,37197,26.3,40.1,47.7,8.4,10.6,52.0,12.0,3.0,1.3199999999999998,11.5
2022,54015,West Virginia,Clay,44.6,11.2,41530,24.6,38.9,51.9,7.4,9.6,52.1,12.6,3.0,1.39,12.0
2023,54015,West Virginia,Clay,41.0,11.8,42790,24.9,40.3,51.5,9.7,10.1,52.7,11.8,3.0,1.39,12.0
2013,54017,West Virginia,Doddridge,47.3,8.4,34817,15.5,23.6,46.1,8.2,15.6,48.7,8.1,9.0,11.66,153.0
2014,54017,West Virginia,Doddridge,46.5,10.2,40329,15.3,18.3,47.4,7.3,13.4,52.6,9.4,9.0,12.16,115.0
2015,54017,West Virginia,Doddridge,43.9,6.5,39974,15.7,17.7,45.8,8.0,10.9,44.3,13.5,9.0,11.89,83.0
2016,54017,West Virginia,Doddridge,41.8,6.5,39381,15.4,17.8,47.9,7.6,14.4,41.9,14.8,9.0,13.14,247.0
2017,54017,West Virginia,Doddridge,41.9,6.5,44437,14.9,13.6,48.5,7.1,12.7,43.1,14.9,9.0,13.27,607.0
2018,54017,West Virginia,Doddridge,42.6,5.0,46449,15.0,14.3,48.3,7.5,12.0,45.1,15.7,9.0,5.66,36.0
2019,54017,West Virginia,Doddridge,43.5,3.9,45545,15.7,18.1,52.0,7.9,12.6,43.7,17.1,9.0,5.26,30.0
2020,54017,West Virginia,Doddridge,44.3,4.2,51300,13.1,12.7,54.0,7.7,13.3,44.3,16.6,9.0,3.94,27.0
2021,54017,West Virginia,Doddridge,47.4,4.9,58750,15.2,15.6,48.1,9.5,11.8,45.9,13.1,9.0,3.26,21.0
2022,54017,West Virginia,Doddridge,45.4,4.3,56587,14.4,16.3,44.1,7.8,12.9,44.2,12.0,9.0,2.29,13.0
2023,54017,West Virginia,Doddridge,44.3,4.7,61164,14.5,16.1,45.3,8.3,12.3,42.1,12.7,9.0,2.29,13.0
2013,54019,West Virginia,Fayette,46.6,10.3,33771,21.2,30.4,47.8,9.4,11.9,45.0,10.6,3.0,10.77,3044.0
2014,54019,West Virginia,Fayette,46.6,10.4,34914,21.1,30.0,48.6,8.6,12.7,46.0,11.2,3.0,6.87,1358.0
2015,54019,West Virginia,Fayette,46.9,9.2,36293,19.9,27.5,50.9,8.5,12.8,44.4,12.4,3.0,6.49,1093.0
2016,54019,West Virginia,Fayette,48.4,8.5,37846,19.1,28.2,51.8,8.1,12.1,44.4,13.2,3.0,5.16,716.0
2017,54019,West Virginia,Fayette,48.4,8.4,39297,20.0,28.4,51.4,8.1,12.5,43.7,14.7,3.0,6.33,673.0
2018,54019,West Virginia,Fayette,47.4,7.4,40379,20.0,29.9,51.8,8.9,12.1,43.0,15.2,3.0,6.64,527.0
2019,54019,West Virginia,Fayette,46.8,7.6,41394,20.5,29.6,51.5,9.3,12.1,43.9,14.8,3.0,5.26,384.0
2020,54019,West Virginia,Fayette,48.5,7.3,43722,21.4,33.4,51.8,9.2,10.7,43.7,15.2,3.0,4.09,292.0
2021,54019,West Virginia,Fayette,46.5,7.3,45988,21.0,28.7,49.8,9.0,11.0,43.7,16.4,3.0,3.61,287.0
2022,54019,West Virginia,Fayette,46.2,7.5,50090,21.5,30.2,49.1,9.3,10.3,44.6,15.8,3.0,2.74,218.0
2023,54019,West Virginia,Fayette,47.6,7.1,52672,18.8,25.7,49.4,9.5,10.2,45.0,16.1,3.0,3.49,286.0
2013,54021,West Virginia,Gilmer,41.8,8.9,38442,28.5,46.5,40.5,7.5,15.2,38.2,11.4,7.0,4.11,18.0
2014,54021,West Virginia,Gilmer,42.6,8.8,35625,30.0,42.9,40.5,6.9,15.3,36.5,10.9,7.0,4.29,18.0
2015,54021,West Virginia,Gilmer,41.0,9.4,37536,27.0,36.9,43.2,6.9,14.0,36.6,16.6,7.0,6.6,32.0
2016,54021,West Virginia,Gilmer,40.6,10.6,37286,26.1,36.5,43.2,5.4,12.4,38.4,16.0,7.0,5.675,28.0
2017,54021,West Virginia,Gilmer,40.1,12.3,37175,25.0,30.4,42.1,5.7,12.9,40.1,16.0,7.0,4.75,24.0
2018,54021,West Virginia,Gilmer,41.2,9.6,35810,18.9,18.5,41.8,5.9,9.8,44.2,14.4,7.0,5.41,30.0
2019,54021,West Virginia,Gilmer,43.5,10.8,42636,16.4,14.6,41.3,6.5,9.9,44.7,17.0,7.0,7.2,36.0
2020,54021,West Virginia,Gilmer,45.0,11.1,42883,12.7,8.8,41.1,6.3,10.7,47.0,17.0,7.0,6.32,30.0
2021,54021,West Virginia,Gilmer,43.0,9.2,45870,11.8,5.0,38.0,6.6,11.6,47.0,20.2,7.0,3.04,14.0
2022,54021,West Virginia,Gilmer,39.9,7.1,51552,11.1,5.9,36.8,6.7,12.3,47.3,20.2,7.0,5.33,24.0
2023,54021,West Virginia,Gilmer,36.5,8.1,50991,12.9,11.5,37.8,7.3,14.0,47.3,19.9,9.0,5.98,28.0
2013,54023,West Virginia,Grant,58.8,7.2,41368,14.6,21.2,53.3,7.8,12.3,54.7,9.9,7.0,4.02,225.0
2014,54023,West Virginia,Grant,56.6,7.6,41600,17.5,26.4,52.9,8.4,13.3,53.6,13.0,7.0,4.63,269.0
2015,54023,West Virginia,Grant,55.0,6.7,39088,15.4,19.8,50.5,8.5,9.9,50.2,12.3,7.0,5.57,339.0
2016,54023,West Virginia,Grant,53.3,6.0,38703,13.1,10.3,51.2,8.7,9.7,46.9,14.0,7.0,6.36,368.0
2017,54023,West Virginia,Grant,52.8,5.2,40093,12.7,12.1,52.9,8.6,10.4,45.8,14.5,7.0,6.51,340.0
2018,54023,West Virginia,Grant,53.2,5.1,41071,12.4,13.1,51.6,8.5,10.5,45.3,14.4,7.0,5.71,286.0
2019,54023,West Virginia,Grant,54.9,6.8,42216,10.9,9.4,50.1,8.5,10.2,46.1,13.8,7.0,7.47,376.0
2020,54023,West Virginia,Grant,54.9,6.6,43313,10.8,10.9,50.7,10.1,10.3,46.9,12.6,7.0,4.99,228.0
2021,54023,West Virginia,Grant,55.6,6.6,47224,12.1,13.2,48.3,10.0,9.5,51.8,11.4,7.0,5.53,215.0
2022,54023,West Virginia,Grant,57.7,5.3,52877,11.7,11.0,49.2,9.4,7.0,52.8,13.2,7.0,6.08,228.0
2023,54023,West Virginia,Grant,56.8,4.9,61530,13.4,10.4,53.5,8.6,5.7,50.5,17.9,9.0,6.11,185.0
2013,54025,West Virginia,Greenbrier,53.6,7.5,37895,19.7,25.1,52.9,9.2,12.3,44.1,15.9,6.0,9.25,1590.0
2014,54025,West Virginia,Greenbrier,52.8,7.1,40256,19.4,25.0,53.0,8.3,12.6,45.4,17.4,6.0,5.99,890.0
2015,54025,West Virginia,Greenbrier,51.9,7.2,39746,18.7,24.3,52.2,8.0,10.0,44.0,18.1,6.0,5.06,760.0
2016,54025,West Virginia,Greenbrier,51.5,7.9,40026,18.4,24.6,51.2,8.2,10.4,40.9,19.6,6.0,5.12,744.0
2017,54025,West Virginia,Greenbrier,51.2,6.8,40483,17.8,24.2,50.7,8.7,8.7,39.6,20.3,6.0,5.19,891.0
2018,54025,West Virginia,Greenbrier,50.3,6.7,39038,17.9,24.3,49.7,8.8,8.4,38.6,19.9,6.0,3.99,650.0
2019,54025,West Virginia,Greenbrier,50.7,5.7,40200,16.0,21.3,47.8,9.7,7.9,37.8,19.9,6.0,3.52,424.0
2020,54025,West Virginia,Greenbrier,52.5,5.9,39807,17.5,25.4,48.5,9.8,8.3,37.6,20.1,6.0,3.66,356.0
2021,54025,West Virginia,Greenbrier,52.0,5.6,41694,18.9,26.2,48.9,9.9,7.7,40.2,19.0,6.0,2.43,212.0
2022,54025,West Virginia,Greenbrier,51.2,4.3,45519,20.0,27.8,47.9,10.1,8.2,40.9,20.9,6.0,2.09,176.0
2023,54025,West Virginia,Greenbrier,50.7,4.2,48662,20.7,28.4,48.9,10.2,8.8,41.0,22.1,6.0,1.45,123.0
2013,54027,West Virginia,Hampshire,53.3,10.0,27766,18.0,21.2,39.6,8.2,17.1,53.7,7.9,3.0,13.74,672.0
2014,54027,West Virginia,Hampshire,51.8,10.1,26828,20.8,25.4,38.9,8.6,19.7,49.4,7.4,3.0,14.52,774.0
2015,54027,West Virginia,Hampshire,50.1,8.1,27995,20.7,31.4,38.7,8.5,15.0,50.0,10.1,3.0,14.08,606.0
2016,54027,West Virginia,Hampshire,50.5,7.6,32177,16.9,24.1,42.3,8.1,13.9,49.6,11.4,3.0,12.89,481.0
2017,54027,West Virginia,Hampshire,50.8,5.7,36575,16.9,28.6,45.5,8.4,13.8,45.7,12.6,3.0,13.12,418.0
2018,54027,West Virginia,Hampshire,48.7,5.3,40099,20.2,33.8,48.1,7.5,13.5,44.9,12.2,3.0,11.53,354.0
2019,54027,West Virginia,Hampshire,50.7,5.3,47857,17.8,29.1,51.4,7.4,10.7,46.2,12.4,3.0,10.76,309.0
2020,54027,West Virginia,Hampshire,53.3,7.0,48528,14.3,23.4,51.1,8.4,9.2,47.8,12.3,3.0,8.45,223.0
2021,54027,West Virginia,Hampshire,49.7,6.9,50890,17.9,35.4,48.1,8.8,8.2,47.0,12.6,3.0,8.9,191.0
2022,54027,West Virginia,Hampshire,49.1,8.5,55222,17.5,28.6,46.5,9.5,8.2,47.0,14.6,3.0,5.19,130.0
2023,54027,West Virginia,Hampshire,51.0,7.2,60299,14.2,21.2,49.7,10.1,7.5,48.3,16.3,3.0,4.59,122.0
2013,54029,West Virginia,Hancock,57.7,10.0,38522,16.9,27.2,51.2,9.1,8.9,46.5,15.5,3.0,21.32,5499.0
2014,54029,West Virginia,Hancock,57.7,7.7,39342,16.4,28.4,53.4,8.3,9.3,44.8,17.4,3.0,22.19,5805.0
2015,54029,West Virginia,Hancock,57.4,7.2,39959,16.2,29.2,51.8,8.3,9.2,42.8,17.8,3.0,22.42,6074.0
2016,54029,West Virginia,Hancock,58.3,6.6,40316,14.5,24.5,50.3,8.2,9.1,42.6,18.2,3.0,21.09,4758.0
2017,54029,West Virginia,Hancock,58.7,7.5,43634,13.5,23.1,50.9,8.9,8.5,42.7,17.9,3.0,22.58,5573.0
2018,54029,West Virginia,Hancock,58.7,7.1,45580,13.1,21.2,49.3,8.9,8.1,41.2,18.5,3.0,21.08,4611.0
2019,54029,West Virginia,Hancock,58.2,7.5,45763,13.9,21.2,47.2,10.0,7.5,41.9,17.4,3.0,22.46,4766.0
2020,54029,West Virginia,Hancock,57.5,8.2,48140,14.0,21.0,48.3,9.4,7.7,39.8,16.3,3.0,23.9,4579.0
2021,54029,West Virginia,Hancock,57.6,9.5,52062,14.1,18.0,49.7,9.1,7.1,40.0,17.8,3.0,33.54,6706.0
2022,54029,West Virginia,Hancock,56.7,8.5,57515,13.4,16.5,48.4,9.1,6.3,39.6,19.1,3.0,34.59,6486.0
2023,54029,West Virginia,Hancock,57.3,8.2,61017,15.0,19.9,49.7,8.7,6.7,40.1,20.2,3.0,27.18,3606.0
2013,54031,West Virginia,Hardy,56.5,10.6,32723,15.7,21.4,46.1,7.7,16.7,51.8,7.5,6.0,4.82,83.0
2014,54031,West Virginia,Hardy,59.5,9.1,36465,15.0,23.0,48.6,7.1,15.0,52.3,10.9,6.0,2.19,34.0
2015,54031,West Virginia,Hardy,58.3,7.9,40303,13.5,18.9,50.1,6.6,12.3,47.7,14.0,6.0,2.89,38.0
2016,54031,West Virginia,Hardy,57.3,6.9,39840,13.7,22.4,54.4,6.9,12.1,47.1,14.7,6.0,3.62,43.0
2017,54031,West Virginia,Hardy,60.1,5.1,42573,14.8,27.9,58.6,5.8,11.8,47.1,14.4,6.0,4.04,45.0
2018,54031,West Virginia,Hardy,58.8,3.0,47186,11.5,22.1,62.0,5.8,12.6,46.4,14.5,6.0,3.14,29.0
2019,54031,West Virginia,Hardy,58.5,3.2,47438,13.8,28.8,62.2,6.2,12.1,44.7,14.5,6.0,1.57,14.5
2020,54031,West Virginia,Hardy,58.7,3.6,46513,16.1,34.5,59.4,6.6,11.9,47.2,13.9,6.0,0.0,0.0
2021,54031,West Virginia,Hardy,55.7,2.5,46592,18.3,33.7,56.6,6.0,9.8,47.1,13.2,6.0,0.0,0.0
2022,54031,West Virginia,Hardy,57.4,4.6,49205,17.3,30.6,51.1,6.9,8.8,47.5,14.9,6.0,0.0,0.0
2023,54031,West Virginia,Hardy,58.6,5.7,49302,17.6,28.5,48.1,8.1,9.3,48.1,15.7,8.0,3.54,55.0
2013,54033,West Virginia,Harrison,57.3,7.2,43183,17.7,27.6,53.3,8.9,9.6,42.1,20.9,5.0,10.09,3675.0
2014,54033,West Virginia,Harrison,57.0,7.2,43130,16.0,23.9,52.8,8.5,9.5,42.3,20.7,5.0,10.23,3871.0
2015,54033,West Virginia,Harrison,57.3,7.4,43987,16.3,23.8,52.4,8.1,9.0,39.5,20.4,5.0,10.8,4077.0
2016,54033,West Virginia,Harrison,58.0,7.3,44845,15.9,21.5,50.9,7.7,8.8,37.9,21.6,5.0,11.16,3861.0
2017,54033,West Virginia,Harrison,58.6,6.5,48315,15.0,18.2,51.4,7.6,8.4,37.7,22.6,5.0,13.18,4009.0
2018,54033,West Virginia,Harrison,58.3,6.7,50433,15.4,19.7,51.3,7.6,8.3,38.3,22.5,5.0,12.42,3801.0
2019,54033,West Virginia,Harrison,58.7,5.9,53022,15.3,19.8,51.4,7.5,8.1,38.6,23.3,5.0,13.34,4104.0
2020,54033,West Virginia,Harrison,59.0,5.8,52134,14.4,18.3,49.7,7.7,8.9,39.9,23.1,5.0,13.3,4033.0
2021,54033,West Virginia,Harrison,58.2,5.4,54124,15.2,20.9,49.4,7.8,9.0,38.9,23.3,5.0,10.47,2921.0
2022,54033,West Virginia,Harrison,57.2,5.3,56184,13.7,19.1,47.4,7.8,9.2,39.0,24.7,5.0,6.99,1784.0
2023,54033,West Virginia,Harrison,57.4,4.3,58326,13.6,17.7,46.9,8.5,9.0,38.0,25.9,5.0,6.39,1634.0
2013,54035,West Virginia,Jackson,52.1,8.3,40376,19.0,32.6,54.0,8.7,11.4,40.7,15.8,6.0,14.3,1205.0
2014,54035,West Virginia,Jackson,50.0,8.7,40733,18.9,31.6,53.6,9.2,12.5,39.5,16.3,6.0,14.2,1332.0
2015,54035,West Virginia,Jackson,50.2,6.8,41314,16.4,25.1,54.5,8.7,9.1,41.1,17.6,6.0,12.51,890.0
2016,54035,West Virginia,Jackson,49.8,5.4,40949,14.9,22.1,56.0,8.8,9.3,40.9,17.7,6.0,11.73,730.0
2017,54035,West Virginia,Jackson,49.8,4.6,41731,14.7,18.4,54.8,7.9,9.6,42.2,16.2,6.0,11.26,605.0
2018,54035,West Virginia,Jackson,50.0,4.3,44783,15.6,20.7,54.9,8.9,8.6,44.0,17.1,6.0,9.62,467.0
2019,54035,West Virginia,Jackson,49.1,4.0,47837,17.7,24.9,56.0,8.2,7.3,44.1,17.4,6.0,8.81,330.0
2020,54035,West Virginia,Jackson,47.5,3.4,49115,17.7,25.4,53.8,8.9,6.4,43.7,18.0,6.0,5.54,180.0
2021,54035,West Virginia,Jackson,46.6,3.6,53165,18.1,26.2,54.1,8.7,5.6,43.2,17.3,6.0,4.64,138.0
2022,54035,West Virginia,Jackson,46.8,3.6,55173,19.6,32.0,53.5,9.3,4.4,40.2,18.6,6.0,2.45,56.0
2023,54035,West Virginia,Jackson,47.9,4.3,55671,17.5,26.4,54.4,7.7,5.5,37.7,19.4,8.0,2.49,84.0
2013,54037,West Virginia,Jefferson,68.3,9.0,65304,11.2,17.1,55.1,5.0,8.4,32.2,28.1,1.0,16.44,1024.0
2014,54037,West Virginia,Jefferson,67.4,9.0,66205,12.4,18.7,54.2,4.9,7.5,33.2,29.2,1.0,14.54,987.0
2015,54037,West Virginia,Jefferson,66.0,8.4,66677,11.6,15.7,53.3,5.6,7.4,32.1,28.4,1.0,12.45,975.0
2016,54037,West Virginia,Jefferson,66.5,7.6,69753,10.9,13.6,53.5,5.5,7.5,32.2,29.9,1.0,12.32,823.0
2017,54037,West Virginia,Jefferson,66.2,7.3,72526,9.9,12.6,53.5,5.8,7.6,32.1,30.5,1.0,12.83,758.0
2018,54037,West Virginia,Jefferson,64.9,6.9,76503,9.7,12.0,53.1,5.7,7.5,32.1,30.8,1.0,9.74,511.0
2019,54037,West Virginia,Jefferson,65.0,6.0,80430,9.7,12.3,54.0,5.7,6.8,31.0,31.8,1.0,9.88,417.0
2020,54037,West Virginia,Jefferson,65.2,5.7,82551,9.4,11.0,52.6,5.4,6.4,30.7,31.6,1.0,8.52,327.0
2021,54037,West Virginia,Jefferson,64.9,5.7,86711,9.7,12.2,50.7,6.2,6.7,30.9,31.1,1.0,6.07,238.0
2022,54037,West Virginia,Jefferson,63.3,4.9,93744,9.1,11.5,50.4,6.1,6.8,29.6,32.2,1.0,6.53,218.0
2023,54037,West Virginia,Jefferson,63.8,4.1,95523,8.8,11.7,50.8,6.2,7.2,28.5,33.7,1.0,4.99,155.0
2013,54039,West Virginia,Kanawha,60.2,7.4,46085,14.1,20.9,48.8,8.4,8.2,37.3,26.2,3.0,8.96,11301.0
2014,54039,West Virginia,Kanawha,59.4,7.0,46583,15.0,22.9,48.6,8.2,8.0,37.6,25.9,3.0,9.49,11955.0
2015,54039,West Virginia,Kanawha,58.3,7.0,45882,15.8,24.8,47.9,8.1,8.0,37.3,25.1,3.0,8.83,9905.0
2016,54039,West Virginia,Kanawha,57.5,6.4,46528,16.0,24.3,47.9,7.9,8.4,37.3,25.2,3.0,7.63,8204.0
2017,54039,West Virginia,Kanawha,57.0,6.5,46859,16.5,24.5,48.1,7.8,8.4,37.6,25.3,3.0,6.31,6263.0
2018,54039,West Virginia,Kanawha,55.7,6.2,45426,17.1,25.9,47.6,7.9,8.6,37.5,24.9,3.0,5.84,4981.0
2019,54039,West Virginia,Kanawha,55.5,5.9,46639,17.2,24.7,46.7,8.1,8.1,37.1,25.5,3.0,5.67,4223.0
2020,54039,West Virginia,Kanawha,55.6,5.7,47122,17.2,24.2,46.7,8.5,7.5,36.6,26.4,3.0,5.26,3798.0
2021,54039,West Virginia,Kanawha,55.6,5.9,50574,16.4,23.5,46.3,8.1,6.8,36.6,27.4,3.0,5.2,3316.0
2022,54039,West Virginia,Kanawha,55.1,5.4,55226,16.4,23.9,46.2,8.2,6.5,36.1,28.2,3.0,4.96,2998.0
2023,54039,West Virginia,Kanawha,55.8,5.5,58887,16.1,21.0,46.0,8.2,6.6,36.2,29.3,3.0,4.48,2739.0
2013,54041,West Virginia,Lewis,52.6,7.1,36199,20.3,27.5,50.8,7.7,11.1,48.0,15.3,7.0,7.09,527.0
2014,54041,West Virginia,Lewis,51.6,6.1,38006,19.7,26.1,52.1,7.9,10.3,48.2,14.4,7.0,7.86,564.0
2015,54041,West Virginia,Lewis,50.8,7.2,37849,20.6,32.8,50.6,8.2,7.8,49.7,14.1,7.0,10.66,763.0
2016,54041,West Virginia,Lewis,49.8,7.4,37827,19.3,29.4,53.0,8.2,8.6,50.3,14.0,7.0,9.23,582.0
2017,54041,West Virginia,Lewis,51.2,7.5,39793,19.8,30.6,54.5,7.5,8.3,49.4,13.4,7.0,8.76,480.0
2018,54041,West Virginia,Lewis,51.7,6.1,39423,20.9,32.2,54.2,7.1,9.4,49.5,13.3,7.0,9.46,519.0
2019,54041,West Virginia,Lewis,50.6,6.8,39908,21.1,34.2,53.2,6.6,7.9,51.0,14.5,7.0,9.62,452.0
2020,54041,West Virginia,Lewis,51.4,6.6,43894,17.8,29.0,51.1,7.2,9.2,47.9,15.7,7.0,10.01,406.0
2021,54041,West Virginia,Lewis,51.8,8.4,45345,17.2,25.0,48.6,7.6,8.7,47.5,16.0,7.0,10.58,425.0
2022,54041,West Virginia,Lewis,52.5,8.7,50552,16.8,25.3,49.7,8.2,7.9,46.5,17.6,7.0,6.65,249.0
2023,54041,West Virginia,Lewis,50.7,9.4,52279,19.4,28.8,52.1,8.3,6.9,47.1,17.5,9.0,3.57,116.0
2013,54043,West Virginia,Lincoln,44.9,9.4,35487,27.3,42.2,53.4,8.5,13.0,42.4,6.5,2.0,2.73,108.0
2014,54043,West Virginia,Lincoln,45.6,9.1,35623,26.5,38.4,50.9,9.4,13.7,41.8,7.6,2.0,2.64,94.0
2015,54043,West Virginia,Lincoln,46.9,10.1,35800,27.3,43.0,50.6,9.3,9.2,43.4,9.5,2.0,2.48,95.0
2016,54043,West Virginia,Lincoln,46.8,7.0,36232,25.2,39.1,49.2,9.4,9.9,44.1,9.0,2.0,2.31,73.0
2017,54043,West Virginia,Lincoln,45.5,7.3,37075,24.9,37.8,51.1,9.4,10.1,45.4,8.9,2.0,3.13,83.0
2018,54043,West Virginia,Lincoln,43.8,6.8,37679,25.1,37.4,52.9,8.7,9.8,46.8,8.7,2.0,2.97,83.0
2019,54043,West Virginia,Lincoln,45.3,5.4,42345,22.8,36.1,56.9,8.5,10.8,47.0,9.0,2.0,2.67,60.0
2020,54043,West Virginia,Lincoln,45.1,5.8,42064,21.8,33.5,59.6,8.0,11.8,45.7,7.8,2.0,1.78,36.0
2021,54043,West Virginia,Lincoln,42.5,6.5,46683,20.6,27.4,57.1,8.2,12.0,46.2,7.8,2.0,2.66,53.0
2022,54043,West Virginia,Lincoln,43.0,5.9,50985,19.2,28.1,54.6,8.5,11.1,47.3,8.1,2.0,3.1,63.0
2023,54043,West Virginia,Lincoln,43.1,6.1,48593,20.6,25.5,51.8,9.1,11.9,49.5,8.4,8.0,1.81,41.0
2013,54045,West Virginia,Logan,43.3,10.3,36999,19.8,25.8,53.5,10.2,13.2,45.9,7.0,6.0,3.77,830.0
2014,54045,West Virginia,Logan,44.9,9.7,37312,19.6,25.2,53.9,9.3,12.8,46.4,6.7,6.0,4.14,863.0
2015,54045,West Virginia,Logan,45.4,10.9,36763,19.7,23.8,53.1,9.8,13.4,41.6,8.1,6.0,4.44,750.0
2016,54045,West Virginia,Logan,44.8,12.3,37262,20.2,25.7,52.6,10.2,13.1,41.4,8.9,6.0,4.59,707.0
2017,54045,West Virginia,Logan,43.6,12.8,37859,22.5,28.8,52.7,10.9,13.3,43.3,8.7,6.0,3.81,583.0
2018,54045,West Virginia,Logan,43.2,13.2,38123,23.3,29.4,53.7,10.6,13.4,43.9,10.0,6.0,3.63,512.0
2019,54045,West Virginia,Logan,42.1,14.4,36168,25.4,32.9,54.0,10.8,14.2,43.9,10.0,6.0,3.65,472.0
2020,54045,West Virginia,Logan,43.6,14.1,36250,26.0,37.4,54.8,10.4,14.1,43.4,12.3,6.0,3.44,416.0
2021,54045,West Virginia,Logan,40.0,15.8,38493,25.7,36.8,50.3,11.2,14.4,45.2,11.2,6.0,2.91,302.0
2022,54045,West Virginia,Logan,41.3,13.3,42194,23.8,33.0,51.0,10.2,14.0,43.9,13.3,6.0,2.11,197.0
2023,54045,West Virginia,Logan,43.2,9.8,47237,21.4,29.5,50.6,10.0,12.4,43.6,13.8,6.0,2.51,249.0
2013,54047,West Virginia,McDowell,30.9,12.1,22252,36.3,50.6,47.5,11.0,24.2,39.7,5.3,7.0,4.19,286.0
2014,54047,West Virginia,McDowell,31.9,12.9,23607,35.2,48.0,46.8,11.2,19.7,42.4,5.4,7.0,4.13,270.0
2015,54047,West Virginia,McDowell,31.2,13.3,24921,35.5,50.3,46.0,11.0,20.7,43.9,5.1,7.0,4.38,270.0
2016,54047,West Virginia,McDowell,29.3,12.7,25206,37.6,54.7,46.8,10.4,20.8,44.9,5.2,7.0,5.38,306.0
2017,54047,West Virginia,McDowell,28.5,11.2,25595,34.9,47.5,47.5,10.2,20.2,44.6,4.9,7.0,3.57,145.0
2018,54047,West Virginia,McDowell,28.3,9.3,26547,33.3,43.4,48.4,11.7,18.6,44.9,5.4,7.0,0.84,23.0
2019,54047,West Virginia,McDowell,28.2,12.5,27682,33.2,44.9,46.9,11.7,18.5,47.0,5.4,7.0,0.8166666666666667,19.0
2020,54047,West Virginia,McDowell,28.7,15.0,26072,32.8,39.4,45.6,13.6,16.3,47.6,6.8,7.0,0.7933333333333333,15.0
2021,54047,West Virginia,McDowell,27.5,13.5,30127,28.9,35.4,38.5,13.5,16.5,50.7,6.4,7.0,0.77,11.0
2022,54047,West Virginia,McDowell,25.2,15.1,28235,33.3,38.1,35.3,14.9,14.4,53.2,6.6,7.0,1.06,14.0
2023,54047,West Virginia,McDowell,28.5,14.9,29980,30.9,33.8,34.7,13.8,16.2,52.7,5.7,9.0,1.95,28.0
2013,54049,West Virginia,Marion,57.7,5.3,42152,15.9,25.5,50.1,8.1,9.9,41.3,20.9,4.0,6.44,1269.0
2014,54049,West Virginia,Marion,57.7,5.2,43085,16.7,26.8,50.4,8.0,8.8,43.2,20.9,4.0,5.77,986.0
2015,54049,West Virginia,Marion,57.4,4.9,43165,16.2,24.9,51.0,7.7,8.1,40.9,21.4,4.0,5.74,879.0
2016,54049,West Virginia,Marion,57.7,6.0,46430,16.7,25.9,51.2,7.3,7.8,40.1,21.8,4.0,5.18,717.0
2017,54049,West Virginia,Marion,57.3,5.5,48158,16.1,21.9,50.7,7.3,8.2,40.5,22.0,4.0,5.23,659.0
2018,54049,West Virginia,Marion,57.0,5.9,48605,17.0,23.9,50.9,7.0,8.2,40.2,23.4,4.0,5.1,515.0
2019,54049,West Virginia,Marion,56.9,6.0,50305,16.4,23.6,50.1,7.1,7.9,40.7,22.6,4.0,6.01,517.0
2020,54049,West Virginia,Marion,58.4,5.7,52856,15.5,23.4,50.6,7.0,6.8,40.5,23.1,4.0,4.81,356.0
2021,54049,West Virginia,Marion,58.6,5.5,55094,14.6,21.0,50.1,7.0,6.4,40.3,24.0,4.0,3.78,248.0
2022,54049,West Virginia,Marion,58.8,6.4,59974,14.9,23.7,50.0,7.1,6.0,39.9,25.1,4.0,3.13,200.0
2023,54049,West Virginia,Marion,59.6,5.3,67537,13.6,20.4,51.6,7.2,5.4,38.5,25.8,4.0,2.81,147.0
2013,54051,West Virginia,Marshall,55.2,8.2,40681,16.1,23.5,56.4,9.0,8.1,47.2,13.4,3.0,11.82,1414.0
2014,54051,West Virginia,Marshall,54.4,7.7,41978,15.1,19.8,55.9,8.3,8.2,48.2,14.7,3.0,9.48,1172.0
2015,54051,West Virginia,Marshall,54.7,7.0,45182,13.0,16.4,57.7,7.7,7.9,45.1,16.8,3.0,9.61,1284.0
2016,54051,West Virginia,Marshall,54.1,6.0,44464,14.6,21.9,55.9,8.1,8.3,46.1,16.1,3.0,9.63,1272.0
2017,54051,West Virginia,Marshall,52.3,5.9,42473,15.2,23.0,53.6,8.1,7.6,45.7,17.1,3.0,9.68,1250.0
2018,54051,West Virginia,Marshall,50.7,4.9,43918,15.1,20.9,52.6,8.2,7.4,43.2,18.5,3.0,10.02,1050.0
2019,54051,West Virginia,Marshall,51.5,4.3,48557,14.5,21.7,52.0,9.0,6.4,44.5,18.0,3.0,10.91,977.0
2020,54051,West Virginia,Marshall,51.2,3.7,48179,15.5,24.5,49.5,9.2,6.4,44.6,18.6,3.0,8.55,802.0
2021,54051,West Virginia,Marshall,52.4,4.1,52371,14.5,21.2,48.9,8.3,6.4,43.6,19.4,3.0,7.45,676.0
2022,54051,West Virginia,Marshall,53.6,3.9,58129,14.7,23.4,49.0,8.9,6.7,41.8,19.0,3.0,6.32,497.0
2023,54051,West Virginia,Marshall,55.2,4.0,60329,15.0,23.6,51.8,8.6,5.9,43.4,19.1,3.0,4.36,293.0
2013,54053,West Virginia,Mason,49.8,8.6,38411,19.0,28.8,51.9,8.5,9.5,47.3,10.1,6.0,7.57,1132.0
2014,54053,West Virginia,Mason,47.1,9.6,38297,18.0,26.7,52.1,8.7,9.7,51.5,9.9,6.0,6.74,1124.0
2015,54053,West Virginia,Mason,46.0,10.3,36448,19.2,27.6,51.6,8.9,11.8,47.5,10.4,6.0,6.67,1051.0
2016,54053,West Virginia,Mason,45.5,10.2,37322,18.9,25.7,53.6,8.0,11.0,47.6,11.4,6.0,7.01,903.0
2017,54053,West Virginia,Mason,45.5,7.7,38977,19.3,27.6,55.0,7.8,9.8,48.8,11.0,6.0,5.92,599.0
2018,54053,West Virginia,Mason,45.0,6.0,40347,17.5,25.8,53.4,8.3,9.7,46.5,12.4,6.0,4.47,412.0
2019,54053,West Virginia,Mason,47.9,3.7,46078,15.9,23.7,56.8,8.1,9.3,45.5,14.4,6.0,4.52,412.0
2020,54053,West Virginia,Mason,48.0,2.9,51820,14.1,23.0,57.8,7.2,7.5,42.3,17.0,6.0,4.53,427.0
2021,54053,West Virginia,Mason,47.3,2.7,49957,16.5,28.6,55.2,7.6,7.7,44.5,14.7,6.0,3.57,325.0
2022,54053,West Virginia,Mason,46.6,2.9,53058,16.3,27.6,54.3,8.6,8.8,42.3,15.5,6.0,2.73,241.0
2023,54053,West Virginia,Mason,46.8,3.0,53454,17.9,29.1,56.3,8.0,7.6,42.9,16.2,6.0,1.36,87.0
2013,54055,West Virginia,Mercer,48.9,6.6,34842,22.2,34.7,52.2,9.1,13.5,38.4,16.1,4.0,3.54,1283.0
2014,54055,West Virginia,Mercer,49.2,5.9,35678,21.8,34.5,50.9,9.7,12.2,37.1,17.5,4.0,3.33,1240.0
2015,54055,West Virginia,Mercer,49.1,5.1,36195,21.9,34.2,50.6,9.3,11.4,37.9,18.8,4.0,4.27,1313.0
2016,54055,West Virginia,Mercer,49.6,6.2,37255,21.1,31.9,49.7,9.2,11.0,38.7,19.5,4.0,4.9,1176.0
2017,54055,West Virginia,Mercer,48.4,6.2,37763,21.4,31.9,48.7,9.9,10.6,39.0,19.8,4.0,5.79,1240.0
2018,54055,West Virginia,Mercer,48.7,6.0,39372,19.8,28.2,47.6,9.9,9.5,39.7,20.0,4.0,5.47,950.0
2019,54055,West Virginia,Mercer,48.6,7.3,40784,19.8,27.6,48.7,9.0,10.3,39.5,19.4,4.0,5.59,760.0
2020,54055,West Virginia,Mercer,48.7,6.4,40716,18.3,23.8,49.2,9.5,9.8,38.7,20.1,4.0,5.52,671.0
2021,54055,West Virginia,Mercer,49.2,4.7,43293,18.9,26.3,47.8,9.5,9.3,38.9,20.7,4.0,4.59,555.0
2022,54055,West Virginia,Mercer,49.7,4.2,46409,18.8,26.2,48.7,9.9,9.1,38.4,20.6,4.0,3.16,354.0
2023,54055,West Virginia,Mercer,49.6,4.0,47799,18.0,21.0,49.6,9.4,9.0,39.5,20.7,4.0,2.59,264.0
2013,54057,West Virginia,Mineral,53.4,11.7,31163,15.8,22.2,44.6,8.3,8.9,49.2,15.0,3.0,8.29,521.0
2014,54057,West Virginia,Mineral,52.3,11.0,30713,18.7,26.5,42.9,9.2,9.6,50.7,13.4,3.0,7.82,506.0
2015,54057,West Virginia,Mineral,51.5,8.8,31790,16.9,20.7,44.2,8.8,8.5,50.2,12.9,3.0,8.79,526.0
2016,54057,West Virginia,Mineral,52.0,7.8,36153,16.4,20.0,46.4,8.9,8.4,48.9,12.4,3.0,7.59,386.0
2017,54057,West Virginia,Mineral,53.3,6.9,40749,14.8,19.1,50.2,9.1,7.3,49.6,12.7,3.0,6.97,267.0
2018,54057,West Virginia,Mineral,54.9,6.4,46354,14.5,18.8,50.8,8.4,7.1,48.4,14.7,3.0,6.35,217.0
2019,54057,West Virginia,Mineral,54.6,5.6,49936,13.8,17.9,52.5,7.9,6.7,49.2,15.5,3.0,3.95,126.0
2020,54057,West Virginia,Mineral,55.6,7.4,51723,13.1,16.0,52.1,7.6,6.4,47.3,17.6,3.0,4.68,153.0
2021,54057,West Virginia,Mineral,55.3,6.2,57345,12.1,13.6,51.6,7.6,5.8,46.7,20.7,3.0,3.75,119.0
2022,54057,West Virginia,Mineral,55.6,5.8,64728,13.9,20.5,52.9,6.5,5.2,44.4,23.1,3.0,2.38,70.0
2023,54057,West Virginia,Mineral,53.6,6.0,68049,14.3,16.5,52.8,6.8,5.5,44.0,22.8,7.0,2.53,78.0
2013,54059,West Virginia,Mingo,44.7,10.2,35955,22.9,31.2,54.6,8.6,16.2,44.6,7.4,7.0,2.53,111.0
2014,54059,West Virginia,Mingo,44.7,13.0,34495,23.0,30.2,55.9,8.7,16.7,45.0,7.7,7.0,1.97,88.0
2015,54059,West Virginia,Mingo,44.4,14.1,33221,25.8,36.7,55.6,9.5,15.4,41.0,10.2,7.0,2.33,91.0
2016,54059,West Virginia,Mingo,44.1,15.8,32441,26.0,37.2,55.1,9.8,15.6,41.2,9.9,7.0,2.77,82.0
2017,54059,West Virginia,Mingo,42.6,15.6,31227,28.9,42.0,55.9,10.0,15.2,42.6,9.2,7.0,3.42,110.0
2018,54059,West Virginia,Mingo,41.5,16.5,31305,28.7,39.7,55.1,10.1,15.1,43.2,9.5,7.0,2.89,103.0
2019,54059,West Virginia,Mingo,42.3,14.3,32764,28.7,39.2,53.2,10.1,14.7,42.6,9.9,7.0,1.74,58.0
2020,54059,West Virginia,Mingo,41.1,14.0,35454,27.4,34.8,54.7,8.8,14.1,44.9,10.0,7.0,1.44,51.0
2021,54059,West Virginia,Mingo,36.8,11.3,35349,28.2,35.8,50.9,8.2,14.8,45.5,9.0,7.0,1.76,65.0
2022,54059,West Virginia,Mingo,37.6,11.2,38305,28.6,37.8,51.4,7.5,15.4,44.5,9.6,7.0,2.58,90.0
2023,54059,West Virginia,Mingo,36.7,10.8,39527,29.9,37.6,51.1,8.2,15.0,44.9,8.3,8.0,2.47,95.0
2013,54061,West Virginia,Monongalia,59.7,5.9,44173,22.4,15.0,37.1,4.4,6.5,31.5,37.2,3.0,10.83,4281.0
2014,54061,West Virginia,Monongalia,59.9,6.1,46166,22.8,16.2,36.9,4.5,5.9,31.3,37.7,3.0,10.04,3727.0
2015,54061,West Virginia,Monongalia,58.9,5.8,45467,22.1,16.4,37.2,4.4,5.6,29.9,39.7,3.0,10.39,4033.0
2016,54061,West Virginia,Monongalia,59.6,6.1,47060,22.2,17.9,38.0,4.1,5.8,30.4,39.2,3.0,8.8,3153.0
2017,54061,West Virginia,Monongalia,59.7,6.1,49624,21.3,16.9,38.3,4.5,6.1,29.2,39.8,3.0,8.1,2427.0
2018,54061,West Virginia,Monongalia,59.7,6.6,49926,21.2,16.2,38.2,4.6,5.9,28.8,41.3,3.0,7.55,2103.0
2019,54061,West Virginia,Monongalia,60.7,6.4,52455,20.8,15.0,38.8,4.2,5.9,27.2,42.8,3.0,6.98,1897.0
2020,54061,West Virginia,Monongalia,62.5,6.6,54198,20.4,15.5,38.7,4.5,5.5,26.7,43.7,3.0,8.24,2107.0
2021,54061,West Virginia,Monongalia,64.0,6.2,56466,19.3,15.1,41.9,4.1,5.0,24.8,46.4,3.0,7.91,2204.0
2022,54061,West Virginia,Monongalia,63.5,5.7,60893,20.6,17.1,41.4,4.0,4.3,24.8,48.3,3.0,5.78,1544.0
2023,54061,West Virginia,Monongalia,63.4,5.0,62704,20.5,18.3,41.6,4.3,4.2,25.4,47.9,3.0,6.38,1714.0
2013,54063,West Virginia,Monroe,53.0,9.2,41234,13.6,21.8,57.8,8.5,11.6,52.0,13.7,8.0,9.08,220.0
2014,54063,West Virginia,Monroe,52.8,8.6,38239,16.5,29.2,57.1,8.1,10.7,55.2,12.2,8.0,23.27,1325.0
2015,54063,West Virginia,Monroe,51.9,7.3,36918,16.8,26.2,56.8,8.7,11.2,49.4,13.3,8.0,18.22,667.0
2016,54063,West Virginia,Monroe,50.0,9.1,35995,17.1,26.1,58.0,9.0,12.1,49.9,13.4,8.0,5.61,106.0
2017,54063,West Virginia,Monroe,51.5,9.0,36684,17.2,28.7,56.4,10.3,11.0,50.9,14.5,8.0,4.95,80.0
2018,54063,West Virginia,Monroe,50.4,7.8,36493,16.4,26.2,54.4,9.4,10.7,52.2,13.8,8.0,4.9,63.0
2019,54063,West Virginia,Monroe,50.7,9.7,38540,15.3,21.4,52.3,10.7,10.0,49.4,15.3,8.0,5.96,61.0
2020,54063,West Virginia,Monroe,50.9,10.0,44828,14.2,27.5,53.2,8.6,8.9,51.3,15.5,8.0,4.16,42.0
2021,54063,West Virginia,Monroe,50.9,11.4,47417,14.4,26.7,46.5,10.0,6.3,52.5,14.9,8.0,3.54,33.0
2022,54063,West Virginia,Monroe,50.6,10.6,52392,13.2,22.3,48.1,9.3,6.2,51.3,15.2,8.0,2.38,18.0
2023,54063,West Virginia,Monroe,50.0,10.0,54508,15.7,28.0,46.1,10.6,7.7,49.7,15.4,8.0,2.64,16.0
2013,54065,West Virginia,Morgan,55.9,16.2,36046,15.3,21.1,44.7,9.9,15.7,47.5,14.7,8.0,11.81,507.0
2014,54065,West Virginia,Morgan,54.3,14.1,37406,13.4,15.8,45.3,9.6,15.2,44.8,16.1,8.0,13.13,444.0
2015,54065,West Virginia,Morgan,56.5,12.3,39324,12.9,14.3,47.7,9.7,11.2,41.2,18.6,8.0,12.94,395.0
2016,54065,West Virginia,Morgan,57.7,12.2,43234,11.4,13.0,50.4,10.0,12.0,40.9,17.7,8.0,13.61,459.0
2017,54065,West Virginia,Morgan,54.9,11.1,46346,11.1,10.9,55.5,9.5,10.3,41.1,18.0,8.0,10.88,332.0
2018,54065,West Virginia,Morgan,55.7,8.6,50661,8.5,6.1,55.8,8.8,9.8,39.9,17.3,8.0,10.8,293.0
2019,54065,West Virginia,Morgan,57.5,7.0,51745,7.9,7.1,56.2,9.4,10.2,40.4,17.0,8.0,12.03,263.0
2020,54065,West Virginia,Morgan,57.2,6.2,57116,5.8,3.8,56.9,7.6,9.1,42.1,18.6,8.0,8.74,188.0
2021,54065,West Virginia,Morgan,55.1,7.2,56616,8.0,10.7,55.5,7.5,8.0,43.8,19.5,8.0,8.01,183.0
2022,54065,West Virginia,Morgan,56.2,5.1,61021,10.6,17.4,52.8,8.7,8.9,42.8,18.7,8.0,4.85,95.0
2023,54065,West Virginia,Morgan,57.5,3.4,63805,11.0,18.9,53.7,8.5,9.5,43.8,17.6,2.0,6.48,122.0
2013,54067,West Virginia,Nicholas,51.3,8.3,40064,19.2,27.8,59.2,7.4,10.7,49.5,13.8,6.0,6.87,988.0
2014,54067,West Virginia,Nicholas,51.0,9.6,38755,19.3,25.3,58.2,8.4,9.7,52.8,12.5,6.0,7.74,1215.0
2015,54067,West Virginia,Nicholas,50.7,8.4,39171,18.1,24.7,57.9,8.8,9.9,48.0,13.9,6.0,10.38,1545.0
2016,54067,West Virginia,Nicholas,50.3,7.7,39901,17.6,27.5,58.2,8.6,11.0,45.9,15.3,6.0,10.79,1566.0
2017,54067,West Virginia,Nicholas,50.7,7.3,39037,18.6,30.0,56.4,8.7,10.7,48.1,14.7,6.0,10.43,1372.0
2018,54067,West Virginia,Nicholas,50.5,6.8,38468,18.3,27.2,56.1,8.6,9.5,49.3,15.2,6.0,10.11,1236.0
2019,54067,West Virginia,Nicholas,50.1,7.0,40086,18.3,28.6,54.5,7.9,9.3,48.0,15.6,6.0,10.05,1142.0
2020,54067,West Virginia,Nicholas,49.0,8.3,40318,19.1,29.7,57.3,7.0,7.4,48.4,17.7,6.0,10.69,1206.0
2021,54067,West Virginia,Nicholas,47.9,7.7,42946,18.6,26.4,53.4,7.7,7.5,48.5,15.9,6.0,10.45,1161.0
2022,54067,West Virginia,Nicholas,48.2,6.6,48826,16.7,19.3,53.0,7.3,7.5,46.2,18.4,6.0,11.61,1256.0
2023,54067,West Virginia,Nicholas,47.1,8.6,49280,17.8,21.6,50.4,8.0,7.6,43.4,19.0,8.0,9.82,1082.0
2013,54069,West Virginia,Ohio,60.1,6.5,41025,15.4,22.6,46.5,8.9,6.4,35.4,29.9,3.0,8.94,2658.0
2014,54069,West Virginia,Ohio,59.6,5.8,40342,16.8,26.3,45.9,8.2,6.3,36.4,29.5,3.0,8.18,2432.0
2015,54069,West Virginia,Ohio,59.3,5.5,40569,16.1,22.2,45.2,8.0,6.6,34.5,29.8,3.0,7.99,2182.0
2016,54069,West Virginia,Ohio,59.3,5.5,41986,16.2,22.5,45.6,8.1,5.8,34.9,30.1,3.0,7.98,2090.0
2017,54069,West Virginia,Ohio,59.1,5.1,45777,13.7,18.5,46.1,8.2,5.7,34.6,30.8,3.0,7.09,1583.0
2018,54069,West Virginia,Ohio,59.6,5.1,48418,13.5,17.9,45.3,7.8,5.0,34.8,30.8,3.0,5.81,1195.0
2019,54069,West Virginia,Ohio,59.0,6.0,50584,12.6,12.8,44.7,8.1,4.5,34.2,32.0,3.0,5.85,1121.0
2020,54069,West Virginia,Ohio,57.6,5.9,48056,14.4,15.3,44.0,8.4,5.4,34.6,31.6,3.0,5.61,975.0
2021,54069,West Virginia,Ohio,57.2,5.4,51516,13.3,13.8,44.9,8.0,5.5,33.0,33.3,3.0,4.85,771.0
2022,54069,West Virginia,Ohio,56.7,5.3,55521,14.7,15.5,44.1,8.1,5.4,32.5,33.2,3.0,4.95,701.0
2023,54069,West Virginia,Ohio,56.8,5.8,57867,15.7,18.0,44.8,8.2,5.8,32.0,32.5,3.0,3.99,534.0
2013,54071,West Virginia,Pendleton,53.6,3.1,34175,18.8,25.7,56.2,10.1,9.1,46.4,12.4,8.0,12.35,230.0
2014,54071,West Virginia,Pendleton,50.9,3.4,36052,19.7,25.6,55.0,9.9,9.0,47.6,15.9,8.0,12.57,408.0
2015,54071,West Virginia,Pendleton,49.1,4.9,36953,20.6,28.1,55.3,10.1,8.3,46.0,15.3,8.0,11.47,338.0
2016,54071,West Virginia,Pendleton,47.4,4.3,37035,18.2,24.3,55.7,10.6,8.2,48.5,14.6,8.0,11.82,333.0
2017,54071,West Virginia,Pendleton,48.9,5.0,39554,18.7,30.6,53.8,9.9,8.2,51.2,13.9,8.0,14.95,333.0
2018,54071,West Virginia,Pendleton,50.8,4.8,41210,16.4,23.7,55.5,9.8,9.4,51.9,14.2,8.0,16.7,278.0
2019,54071,West Virginia,Pendleton,52.7,4.4,42312,15.2,22.3,55.6,10.0,9.1,51.3,14.1,8.0,11.76,163.0
2020,54071,West Virginia,Pendleton,53.1,3.6,46358,14.7,20.5,61.8,7.7,10.4,47.9,17.9,8.0,12.3,159.0
2021,54071,West Virginia,Pendleton,51.5,5.6,46506,16.1,26.6,53.2,8.8,9.9,51.5,16.5,8.0,10.51,108.0
2022,54071,West Virginia,Pendleton,51.5,7.3,52458,16.4,24.2,58.7,9.1,10.6,47.9,19.2,8.0,9.97,102.0
2023,54071,West Virginia,Pendleton,51.4,6.3,61738,16.3,23.3,57.6,9.2,7.2,49.2,20.5,8.0,11.5,108.0
2013,54073,West Virginia,Pleasants,49.1,8.1,41859,14.6,18.9,56.8,6.1,5.7,51.3,8.0,6.0,12.32,226.0
2014,54073,West Virginia,Pleasants,48.7,6.9,43831,16.7,24.9,54.3,6.7,6.6,49.4,10.6,6.0,10.25,188.0
2015,54073,West Virginia,Pleasants,49.7,8.2,44288,18.0,30.9,55.0,6.8,7.6,50.1,13.0,6.0,8.33,185.0
2016,54073,West Virginia,Pleasants,50.2,8.4,45191,16.9,30.0,55.6,6.8,8.3,49.6,13.5,6.0,5.28,70.0
2017,54073,West Virginia,Pleasants,51.5,7.4,45152,16.6,25.9,55.5,7.0,6.7,50.8,13.8,6.0,11.49,125.0
2018,54073,West Virginia,Pleasants,52.9,9.0,48563,15.5,23.0,50.9,9.3,7.3,50.4,12.9,6.0,9.51,87.0
2019,54073,West Virginia,Pleasants,53.0,9.8,56838,12.3,13.3,52.7,8.5,7.7,50.7,11.6,6.0,10.01,92.0
2020,54073,West Virginia,Pleasants,53.8,7.6,55508,8.5,6.6,52.9,7.5,7.5,51.7,10.7,6.0,11.19,46.0
2021,54073,West Virginia,Pleasants,54.4,6.9,58433,7.4,4.9,53.3,6.8,7.8,48.2,11.9,6.0,0.0,0.0
2022,54073,West Virginia,Pleasants,52.0,7.2,59666,7.7,4.7,50.6,6.7,9.1,49.6,12.1,6.0,1.29,6.0
2023,54073,West Virginia,Pleasants,54.2,6.6,61038,8.0,2.8,49.0,5.0,9.0,44.2,14.6,8.0,2.58,12.0
2013,54075,West Virginia,Pocahontas,52.3,8.1,33779,19.1,34.5,58.0,7.5,12.4,46.3,13.8,9.0,9.42,180.0
2014,54075,West Virginia,Pocahontas,52.6,6.5,34761,16.8,30.5,57.0,7.1,8.8,50.7,13.1,9.0,10.18,214.0
2015,54075,West Virginia,Pocahontas,53.7,5.7,36827,16.5,33.9,56.4,7.5,9.8,47.4,16.7,9.0,8.07,99.0
2016,54075,West Virginia,Pocahontas,52.9,5.7,36026,18.6,39.5,55.2,7.6,9.9,48.4,16.2,9.0,9.57,101.0
2017,54075,West Virginia,Pocahontas,51.8,6.3,37111,17.6,36.4,53.8,8.3,8.8,47.7,17.8,9.0,5.64,59.0
2018,54075,West Virginia,Pocahontas,50.5,4.6,39702,16.7,30.1,54.0,8.9,9.1,47.5,16.3,9.0,2.68,25.0
2019,54075,West Virginia,Pocahontas,49.1,4.4,41882,16.6,30.2,50.5,10.7,10.7,47.8,14.8,9.0,1.65,19.0
2020,54075,West Virginia,Pocahontas,47.7,7.0,37642,18.9,21.9,49.4,10.4,9.9,47.1,13.6,9.0,1.2,12.0
2021,54075,West Virginia,Pocahontas,42.3,9.3,37225,17.5,12.4,43.7,11.0,11.7,48.8,13.9,9.0,1.94,24.0
2022,54075,West Virginia,Pocahontas,41.8,8.0,41680,20.3,27.7,44.9,11.3,13.5,47.4,14.8,9.0,0.97,12.0
2023,54075,West Virginia,Pocahontas,41.3,10.6,41200,20.8,26.3,45.1,11.3,12.9,48.7,15.8,9.0,0.0,0.0
2013,54077,West Virginia,Preston,55.3,7.8,45413,13.2,17.9,55.0,8.0,12.3,48.1,10.4,3.0,7.47,338.0
2014,54077,West Virginia,Preston,54.7,8.0,45806,14.1,19.1,54.7,7.6,12.3,49.0,11.3,3.0,7.96,410.0
2015,54077,West Virginia,Preston,53.5,7.0,45064,14.6,18.9,53.3,8.2,11.8,46.4,14.6,3.0,7.19,498.0
2016,54077,West Virginia,Preston,53.0,7.7,45221,15.3,21.1,52.2,8.0,10.6,48.4,14.6,3.0,8.02,427.0
2017,54077,West Virginia,Preston,52.8,8.4,46673,15.2,21.7,51.1,7.7,9.6,48.6,15.0,3.0,10.89,698.0
2018,54077,West Virginia,Preston,52.6,8.2,48317,15.7,22.9,51.1,7.3,8.8,48.8,15.4,3.0,6.21,289.0
2019,54077,West Virginia,Preston,52.1,8.2,51888,15.4,22.0,51.6,7.7,8.3,47.2,16.9,3.0,6.2,284.0
2020,54077,West Virginia,Preston,52.0,9.1,51992,15.0,19.9,53.0,7.7,8.9,49.0,16.2,3.0,6.47,264.0
2021,54077,West Virginia,Preston,51.8,8.5,55755,14.4,19.0,52.3,8.0,8.4,48.1,16.8,3.0,6.25,251.0
2022,54077,West Virginia,Preston,50.3,7.2,60136,13.8,19.4,51.5,8.0,8.7,46.6,17.6,3.0,3.21,126.0
2023,54077,West Virginia,Preston,49.8,6.2,61373,14.1,18.1,50.3,8.2,10.2,45.7,17.9,3.0,3.9,159.0
2013,54079,West Virginia,Putnam,59.1,4.9,54854,11.3,17.0,58.8,7.1,6.4,38.2,26.0,2.0,7.14,1477.0
2014,54079,West Virginia,Putnam,59.1,4.4,55939,10.1,13.2,57.4,7.2,5.9,38.4,25.7,2.0,7.62,1676.0
2015,54079,West Virginia,Putnam,60.2,3.7,56774,9.8,11.8,57.4,6.9,5.7,37.8,25.4,2.0,7.71,1763.0
2016,54079,West Virginia,Putnam,58.5,3.1,56640,9.8,11.4,56.2,7.2,5.1,38.3,25.0,2.0,7.24,1594.0
2017,54079,West Virginia,Putnam,59.2,3.5,59113,9.3,9.6,56.8,6.8,5.1,38.0,24.9,2.0,7.23,1472.0
2018,54079,West Virginia,Putnam,59.1,3.3,59626,9.2,9.9,55.7,7.1,4.7,37.3,26.7,2.0,5.84,880.0
2019,54079,West Virginia,Putnam,58.4,3.7,60097,9.8,11.9,56.0,7.1,5.3,36.5,26.1,2.0,5.93,883.0
2020,54079,West Virginia,Putnam,58.5,3.7,63954,10.8,16.5,56.3,7.1,4.7,36.7,26.3,2.0,5.32,749.0
2021,54079,West Virginia,Putnam,59.6,3.6,68740,10.5,16.9,56.0,7.0,4.5,36.5,26.7,2.0,4.84,731.0
2022,54079,West Virginia,Putnam,58.6,3.8,75725,10.9,19.0,56.1,7.0,4.2,35.0,29.5,2.0,3.9,467.0
2023,54079,West Virginia,Putnam,59.1,3.2,77871,10.7,17.4,57.0,6.9,4.8,36.1,28.4,2.0,4.36,649.0
2013,54081,West Virginia,Raleigh,49.5,6.7,40758,17.1,23.8,52.1,8.6,12.6,42.6,15.7,3.0,4.3,2122.0
2014,54081,West Virginia,Raleigh,49.0,6.5,41152,17.1,23.3,52.3,8.3,11.5,42.5,16.5,3.0,4.34,1973.0
2015,54081,West Virginia,Raleigh,48.8,6.6,41032,17.8,25.4,51.3,8.3,11.3,39.5,18.3,3.0,7.15,2856.0
2016,54081,West Virginia,Raleigh,49.6,7.7,41533,17.7,26.8,50.1,8.3,10.3,40.1,18.1,3.0,6.73,2531.0
2017,54081,West Virginia,Raleigh,50.1,7.6,42386,17.6,25.8,51.5,8.3,9.5,40.2,18.6,3.0,5.95,1939.0
2018,54081,West Virginia,Raleigh,50.0,7.8,42296,17.6,24.6,51.9,8.1,9.3,40.2,18.3,3.0,5.43,1572.0
2019,54081,West Virginia,Raleigh,50.7,8.1,43748,18.6,27.5,51.6,8.4,8.7,40.0,18.4,3.0,4.02,977.0
2020,54081,West Virginia,Raleigh,50.3,6.9,43283,20.7,29.0,53.0,8.2,8.5,38.8,19.9,3.0,3.58,894.0
2021,54081,West Virginia,Raleigh,49.1,7.3,43150,22.5,29.7,50.4,8.3,9.8,39.9,19.8,3.0,4.22,954.0
2022,54081,West Virginia,Raleigh,48.1,7.1,47975,22.0,28.0,48.3,8.9,10.7,37.6,20.6,3.0,3.28,707.0
2023,54081,West Virginia,Raleigh,48.5,5.5,52055,21.6,29.4,48.5,9.2,10.4,38.3,21.6,3.0,3.78,705.0
2013,54083,West Virginia,Randolph,52.0,8.3,37276,15.9,22.4,50.8,7.8,10.6,46.7,18.4,7.0,12.3,1887.0
2014,54083,West Virginia,Randolph,51.7,7.4,40146,16.0,20.2,51.9,7.6,10.5,47.5,17.3,7.0,11.56,1580.0
2015,54083,West Virginia,Randolph,52.2,6.7,39457,17.0,21.5,52.2,7.3,8.9,46.3,19.3,7.0,10.47,1423.0
2016,54083,West Virginia,Randolph,51.9,7.4,40308,16.9,20.0,52.8,7.4,10.4,46.2,18.3,7.0,9.37,1231.0
2017,54083,West Virginia,Randolph,51.3,7.3,40094,18.3,22.7,51.4,7.6,10.0,47.2,17.7,7.0,9.22,1115.0
2018,54083,West Virginia,Randolph,50.4,6.6,41094,19.3,25.3,50.0,7.7,10.3,48.4,16.3,7.0,9.02,990.0
2019,54083,West Virginia,Randolph,50.1,6.0,43320,18.5,24.4,48.9,7.7,9.9,48.5,17.3,7.0,8.6,848.0
2020,54083,West Virginia,Randolph,48.6,7.1,45206,16.6,21.7,46.4,7.6,9.1,50.3,15.7,7.0,7.14,651.0
2021,54083,West Virginia,Randolph,49.2,8.6,47343,15.2,18.5,43.8,6.9,7.3,51.1,17.3,7.0,8.56,740.0
2022,54083,West Virginia,Randolph,49.0,7.3,51186,15.5,19.9,43.7,6.7,7.8,50.3,17.6,7.0,9.3,764.0
2023,54083,West Virginia,Randolph,50.2,7.0,55057,14.7,18.2,45.1,7.1,8.2,49.2,19.0,7.0,7.54,658.0
2013,54085,West Virginia,Ritchie,49.5,10.8,35769,21.1,26.5,51.5,8.0,13.8,47.4,9.1,8.0,5.17,14.0
2014,54085,West Virginia,Ritchie,50.1,11.4,39118,18.6,23.8,51.2,8.3,13.6,51.0,8.1,8.0,7.335,16.5
2015,54085,West Virginia,Ritchie,50.2,10.6,37636,20.7,29.0,49.5,8.9,11.8,47.9,10.5,8.0,9.5,19.0
2016,54085,West Virginia,Ritchie,50.0,8.4,40850,19.4,26.5,49.1,9.5,11.4,48.3,10.4,8.0,7.6,15.2
2017,54085,West Virginia,Ritchie,49.6,8.5,41497,18.5,26.7,50.2,9.5,11.9,49.3,9.3,8.0,5.7,11.4
2018,54085,West Virginia,Ritchie,49.4,7.9,44472,17.0,26.6,53.7,8.4,11.5,48.4,10.5,8.0,3.8000000000000007,7.600000000000001
2019,54085,West Virginia,Ritchie,46.1,5.6,43577,18.3,32.7,55.4,7.9,10.8,51.0,11.3,8.0,1.9000000000000004,3.8000000000000007
2020,54085,West Virginia,Ritchie,47.1,5.2,44328,16.1,25.8,61.5,7.1,10.5,47.4,11.8,8.0,0.0,0.0
2021,54085,West Virginia,Ritchie,43.1,5.1,45184,18.2,31.7,53.6,8.7,12.1,49.6,9.6,8.0,0.0,0.0
2022,54085,West Virginia,Ritchie,42.7,3.6,48973,20.3,32.4,55.0,8.3,9.3,49.0,12.3,8.0,0.0,0.0
2023,54085,West Virginia,Ritchie,43.1,1.7,50256,21.7,28.0,54.9,8.8,8.9,49.2,12.8,8.0,3.12,15.0
2013,54087,West Virginia,Roane,45.2,10.5,28513,24.8,37.7,54.4,9.3,15.3,48.9,11.2,6.0,11.28,741.0
2014,54087,West Virginia,Roane,44.8,11.6,30104,24.5,32.8,53.9,9.1,16.3,48.4,11.9,6.0,11.4,596.0
2015,54087,West Virginia,Roane,45.3,8.9,31813,22.1,28.8,53.9,9.2,12.8,46.5,11.3,6.0,12.56,622.0
2016,54087,West Virginia,Roane,43.6,10.5,34144,20.3,25.7,53.3,8.3,13.5,45.5,11.7,6.0,9.17,475.0
2017,54087,West Virginia,Roane,45.2,9.2,37931,19.3,23.5,57.6,7.2,12.8,45.9,11.4,6.0,7.19,374.0
2018,54087,West Virginia,Roane,44.0,9.7,34300,20.9,25.3,53.0,7.5,14.7,43.0,12.4,6.0,5.44,251.0
2019,54087,West Virginia,Roane,44.1,8.5,37373,18.4,23.3,52.4,7.2,13.9,43.5,13.1,6.0,4.11,143.0
2020,54087,West Virginia,Roane,44.8,10.1,38895,22.5,35.8,52.2,8.0,12.7,44.0,13.0,6.0,4.17,131.0
2021,54087,West Virginia,Roane,41.7,10.6,38608,21.3,35.0,47.8,8.4,13.6,45.7,13.4,6.0,4.12,129.0
2022,54087,West Virginia,Roane,40.8,11.7,41299,21.1,36.6,45.7,9.8,12.6,47.7,13.6,6.0,3.99,120.0
2023,54087,West Virginia,Roane,41.3,9.1,45194,20.2,33.3,47.0,9.3,10.8,49.8,14.2,8.0,4.69,157.0
2013,54089,West Virginia,Summers,42.4,7.9,33784,19.0,23.1,53.2,9.0,15.8,40.5,11.1,6.0,2.7,132.0
2014,54089,West Virginia,Summers,44.3,8.0,35040,17.1,18.3,55.1,8.9,12.7,41.5,11.3,6.0,2.07,100.0
2015,54089,West Virginia,Summers,46.9,10.0,36651,17.6,21.3,53.5,9.0,10.4,40.5,13.6,6.0,3.04,153.0
2016,54089,West Virginia,Summers,46.8,10.7,35620,18.4,23.5,52.0,9.5,9.7,41.0,14.8,6.0,5.86,340.0
2017,54089,West Virginia,Summers,44.2,11.1,35218,19.0,25.9,50.9,10.3,10.4,42.4,14.5,6.0,7.35,350.0
2018,54089,West Virginia,Summers,44.8,9.9,36049,22.9,35.3,50.6,10.1,8.0,44.1,13.9,6.0,7.4,286.0
2019,54089,West Virginia,Summers,44.1,11.7,38187,21.7,33.6,53.7,10.0,9.6,42.2,14.5,6.0,9.93,339.0
2020,54089,West Virginia,Summers,41.5,9.8,37769,19.9,34.8,52.4,10.5,9.1,42.8,16.0,6.0,11.33,308.0
2021,54089,West Virginia,Summers,38.5,7.5,41077,22.6,36.1,49.7,9.9,9.6,41.2,17.2,6.0,7.02,199.0
2022,54089,West Virginia,Summers,37.3,7.6,42991,21.2,36.8,48.5,11.5,9.2,41.9,16.5,6.0,6.64,190.0
2023,54089,West Virginia,Summers,35.9,5.7,42544,19.2,27.4,43.9,12.5,10.3,43.1,16.0,8.0,7.0,171.0
2013,54091,West Virginia,Taylor,54.8,9.2,39536,19.3,31.3,54.6,7.4,7.6,52.5,12.2,6.0,3.41,177.0
2014,54091,West Virginia,Taylor,53.9,8.3,39933,20.3,32.8,52.7,8.4,9.0,51.5,12.3,6.0,6.37,364.0
2015,54091,West Virginia,Taylor,54.1,9.5,43970,16.6,25.3,52.3,7.8,9.6,43.6,16.6,6.0,4.79,182.0
2016,54091,West Virginia,Taylor,55.2,9.1,44371,16.6,24.9,49.8,7.9,8.5,42.3,18.5,6.0,7.52,388.0
2017,54091,West Virginia,Taylor,54.4,8.9,45916,15.7,20.1,48.2,8.5,7.2,44.9,18.6,6.0,8.47,350.0
2018,54091,West Virginia,Taylor,53.7,8.1,47205,17.1,26.5,49.7,8.6,7.4,46.0,17.2,6.0,6.21,238.0
2019,54091,West Virginia,Taylor,53.3,9.0,48578,16.8,27.7,50.8,7.5,7.8,47.2,17.3,6.0,4.58,171.0
2020,54091,West Virginia,Taylor,56.0,10.1,52958,17.0,30.0,50.0,7.7,7.4,43.6,18.8,6.0,2.59,82.0
2021,54091,West Virginia,Taylor,54.6,10.9,52823,16.2,25.7,52.1,8.0,9.0,43.8,16.0,6.0,2.7,80.0
2022,54091,West Virginia,Taylor,54.2,9.3,52946,16.9,24.8,50.8,7.7,10.1,41.4,18.3,6.0,3.38,94.0
2023,54091,West Virginia,Taylor,53.6,9.6,56807,14.7,17.8,49.7,8.4,11.1,42.8,17.4,6.0,2.15,59.0
2013,54093,West Virginia,Tucker,55.0,6.3,37635,17.7,21.1,58.7,8.7,10.2,51.8,13.9,8.0,5.04,31.0
2014,54093,West Virginia,Tucker,55.1,7.6,38663,15.2,19.5,59.9,9.5,8.3,54.5,12.0,8.0,5.04,31.0
2015,54093,West Virginia,Tucker,56.0,7.6,40533,14.9,24.3,60.5,8.7,8.1,52.7,14.2,8.0,5.04,31.0
2016,54093,West Virginia,Tucker,55.5,8.2,43529,13.3,20.0,60.0,8.8,8.3,50.1,14.2,8.0,5.04,31.0
2017,54093,West Virginia,Tucker,52.1,7.4,43294,15.3,25.7,54.7,8.9,8.9,50.0,14.8,8.0,3.95,23.0
2018,54093,West Virginia,Tucker,53.1,6.5,45655,14.1,22.4,54.9,9.6,8.1,49.0,17.5,8.0,2.6333333333333337,15.333333333333332
2019,54093,West Virginia,Tucker,54.1,6.2,49118,12.5,18.5,54.4,10.3,8.9,46.8,19.4,8.0,1.3166666666666669,7.666666666666666
2020,54093,West Virginia,Tucker,53.7,5.1,47527,10.3,15.5,54.8,10.7,9.2,46.0,19.5,8.0,0.0,0.0
2021,54093,West Virginia,Tucker,52.6,7.0,49808,9.9,14.3,49.5,10.3,8.7,44.6,20.6,8.0,0.0,0.0
2022,54093,West Virginia,Tucker,54.1,6.6,54053,9.8,14.9,53.7,10.8,7.2,40.2,24.8,8.0,0.0,0.0
2023,54093,West Virginia,Tucker,53.4,6.2,53475,13.2,23.7,55.0,9.0,7.5,40.5,24.2,9.0,0.0,0.0
2013,54095,West Virginia,Tyler,48.2,12.6,39206,19.9,29.1,54.9,10.4,12.9,49.0,9.7,9.0,2.32,25.0
2014,54095,West Virginia,Tyler,49.4,10.4,39974,18.0,26.7,55.9,9.5,12.1,50.7,10.2,9.0,1.34,14.0
2015,54095,West Virginia,Tyler,49.5,10.9,38854,19.8,29.7,53.5,8.8,10.8,49.2,11.3,9.0,1.07,12.0
2016,54095,West Virginia,Tyler,48.3,8.5,38674,18.7,28.4,51.3,9.1,9.6,47.1,13.7,9.0,1.05,11.666666666666666
2017,54095,West Virginia,Tyler,47.0,8.2,40902,16.4,22.4,54.4,8.4,8.2,48.9,13.6,9.0,1.03,11.333333333333334
2018,54095,West Virginia,Tyler,46.3,6.4,41108,15.9,21.2,52.7,8.2,7.4,48.7,13.9,9.0,1.01,11.0
2019,54095,West Virginia,Tyler,45.3,5.7,43087,16.6,21.2,50.4,8.8,5.8,50.5,14.1,9.0,0.0,0.0
2020,54095,West Virginia,Tyler,45.5,7.6,47598,14.5,20.0,51.5,8.3,6.6,45.6,16.2,9.0,0.0,0.0
2021,54095,West Virginia,Tyler,46.0,6.5,50601,12.0,13.7,47.9,8.6,5.5,47.2,15.3,9.0,0.0,0.0
2022,54095,West Virginia,Tyler,45.6,4.9,59167,12.0,13.1,46.2,8.9,4.5,46.9,16.4,9.0,0.0,0.0
2023,54095,West Virginia,Tyler,45.3,5.9,58293,17.7,29.9,47.7,8.4,5.1,47.7,15.7,9.0,0.0,0.0
2013,54097,West Virginia,Upshur,50.6,6.4,39381,18.4,27.0,50.6,7.9,9.5,49.9,15.2,7.0,14.12,891.0
2014,54097,West Virginia,Upshur,51.4,7.5,39188,20.9,32.6,50.8,6.7,10.0,51.9,15.6,7.0,12.93,728.0
2015,54097,West Virginia,Upshur,52.4,8.0,40330,18.1,27.3,51.5,7.1,10.6,48.4,16.3,7.0,9.77,449.0
2016,54097,West Virginia,Upshur,53.9,7.7,42240,17.9,26.7,52.4,6.9,10.8,46.8,18.6,7.0,8.43,339.0
2017,54097,West Virginia,Upshur,53.2,8.1,39434,21.2,29.9,49.0,7.9,10.8,47.2,18.1,7.0,9.31,314.0
2018,54097,West Virginia,Upshur,53.3,8.0,40401,20.8,31.1,48.3,7.3,11.0,48.0,16.8,7.0,2.86,60.0
2019,54097,West Virginia,Upshur,53.6,7.1,40322,20.6,28.6,46.6,8.4,9.8,49.0,16.9,7.0,5.14,99.0
2020,54097,West Virginia,Upshur,53.1,5.8,40802,19.7,27.7,43.5,8.6,8.2,51.0,16.2,7.0,6.71,163.0
2021,54097,West Virginia,Upshur,53.8,5.6,44470,20.0,29.8,45.1,7.7,8.3,50.6,16.3,7.0,7.08,173.0
2022,54097,West Virginia,Upshur,52.2,5.8,49663,17.8,23.2,46.8,7.0,7.9,50.4,16.6,7.0,6.04,160.0
2023,54097,West Virginia,Upshur,50.4,5.8,51859,18.3,22.2,46.6,7.8,7.7,51.5,17.4,7.0,6.88,175.0
2013,54099,West Virginia,Wayne,50.3,9.0,36964,20.0,27.1,51.8,9.6,14.3,44.5,12.6,2.0,1.65,57.0
2014,54099,West Virginia,Wayne,49.2,9.5,37491,19.6,29.0,50.0,9.0,15.0,43.5,14.0,2.0,1.42,43.0
2015,54099,West Virginia,Wayne,48.0,9.9,36318,20.6,31.4,48.9,9.2,13.4,40.9,12.3,2.0,1.64,53.0
2016,54099,West Virginia,Wayne,47.7,9.5,38311,20.9,32.9,48.8,9.3,12.3,41.0,12.9,2.0,2.42,74.0
2017,54099,West Virginia,Wayne,47.5,8.8,38905,20.8,32.6,50.2,9.4,13.3,40.2,13.0,2.0,3.57,106.0
2018,54099,West Virginia,Wayne,45.2,7.8,36875,22.3,31.0,50.0,9.4,12.4,40.1,15.1,2.0,2.45,65.0
2019,54099,West Virginia,Wayne,43.1,6.3,37988,23.2,31.5,49.3,9.6,13.0,40.6,15.1,2.0,2.44,62.0
2020,54099,West Virginia,Wayne,44.7,4.9,43710,19.7,24.0,51.7,8.3,12.9,38.6,17.5,2.0,2.74,67.0
2021,54099,West Virginia,Wayne,45.8,4.7,45591,17.3,18.1,50.5,8.2,13.3,38.1,17.2,2.0,1.06,25.0
2022,54099,West Virginia,Wayne,46.7,5.0,52694,16.7,19.0,51.5,8.4,11.7,37.3,18.3,2.0,1.38,35.0
2023,54099,West Virginia,Wayne,49.1,5.4,55539,15.7,17.9,51.8,8.2,10.6,37.6,17.7,2.0,1.7,45.0
2013,54101,West Virginia,Webster,47.2,13.9,27645,25.2,26.7,57.2,7.8,22.0,44.7,5.8,9.0,4.09,114.0
2014,54101,West Virginia,Webster,48.1,14.4,28907,22.6,25.7,55.9,9.1,18.4,46.4,6.3,9.0,4.44,133.0
2015,54101,West Virginia,Webster,47.1,14.8,29086,26.1,35.6,54.1,8.7,16.5,43.0,9.3,9.0,2.87,60.0
2016,54101,West Virginia,Webster,46.6,10.8,29982,27.2,37.0,53.5,8.2,14.1,46.0,9.2,9.0,2.83,54.0
2017,54101,West Virginia,Webster,46.8,10.6,33390,26.7,36.0,51.5,7.3,12.6,47.1,10.5,9.0,1.97,35.0
2018,54101,West Virginia,Webster,47.6,10.8,34312,28.0,41.2,53.1,7.4,10.7,49.7,9.3,9.0,3.77,68.0
2019,54101,West Virginia,Webster,47.5,10.6,34927,26.1,37.4,54.3,7.4,10.6,49.5,11.4,9.0,1.92,30.0
2020,54101,West Virginia,Webster,43.2,11.8,33358,27.1,38.7,51.0,8.2,12.4,46.1,10.5,9.0,1.77,25.0
2021,54101,West Virginia,Webster,42.4,14.0,37720,21.5,26.8,46.1,7.7,10.6,47.0,12.5,9.0,2.26,28.0
2022,54101,West Virginia,Webster,43.3,11.1,43409,17.8,25.5,54.0,8.7,9.8,49.0,11.5,9.0,4.93,70.0
2023,54101,West Virginia,Webster,41.0,9.6,42061,22.1,32.4,54.3,8.6,9.5,49.2,12.6,9.0,4.32,66.0
2013,54103,West Virginia,Wetzel,45.3,8.5,37969,19.7,26.2,54.3,8.4,14.9,47.6,10.3,6.0,4.06,135.0
2014,54103,West Virginia,Wetzel,45.5,8.0,38066,20.2,30.4,53.3,8.7,14.5,49.3,8.9,6.0,3.15,93.0
2015,54103,West Virginia,Wetzel,45.4,8.1,39096,19.8,31.0,51.4,8.8,11.1,48.7,10.4,6.0,3.89,104.0
2016,54103,West Virginia,Wetzel,46.4,8.5,39446,21.1,34.9,48.9,8.7,12.3,47.9,10.7,6.0,3.15,83.0
2017,54103,West Virginia,Wetzel,44.5,6.7,40694,23.2,41.0,46.4,9.4,12.0,49.6,11.8,6.0,4.29,110.0
2018,54103,West Virginia,Wetzel,46.2,7.0,42125,23.1,40.2,47.7,8.8,9.9,50.7,12.7,6.0,4.74,98.0
2019,54103,West Virginia,Wetzel,46.6,6.2,43107,22.1,34.2,45.7,9.4,9.9,50.9,12.0,6.0,3.04,49.0
2020,54103,West Virginia,Wetzel,46.5,8.1,44539,20.1,29.2,47.7,10.0,9.3,47.9,12.6,6.0,1.84,29.0
2021,54103,West Virginia,Wetzel,45.8,6.4,47611,18.8,23.3,46.2,10.1,7.5,48.2,14.5,6.0,2.51,44.0
2022,54103,West Virginia,Wetzel,46.1,6.1,50715,17.0,14.5,49.0,9.4,7.2,48.4,13.4,6.0,1.57,28.0
2023,54103,West Virginia,Wetzel,46.6,5.8,53341,16.6,16.7,49.1,9.6,7.5,48.6,13.5,7.0,0.78,13.0
2013,54105,West Virginia,Wirt,53.1,17.1,34702,19.3,25.8,57.3,6.8,7.4,51.0,9.4,3.0,1.19,14.0
2014,54105,West Virginia,Wirt,53.2,12.0,37117,19.1,29.1,55.0,6.0,8.2,44.8,10.5,3.0,1.19,14.0
2015,54105,West Virginia,Wirt,52.2,8.4,39352,13.7,20.3,52.2,6.0,9.3,47.6,12.0,3.0,1.64,16.0
2016,54105,West Virginia,Wirt,49.5,5.4,38101,15.2,25.7,51.7,6.3,10.5,48.8,9.7,3.0,0.0,0.0
2017,54105,West Virginia,Wirt,47.3,7.8,38936,21.2,38.9,55.4,4.4,10.2,48.4,7.5,3.0,0.63,4.0
2018,54105,West Virginia,Wirt,47.8,5.8,40189,18.9,32.1,62.9,4.7,9.6,43.2,9.7,3.0,1.26,8.0
2019,54105,West Virginia,Wirt,49.4,4.6,46048,16.2,23.1,62.6,5.1,10.4,42.0,11.2,3.0,1.89,12.0
2020,54105,West Virginia,Wirt,49.6,4.2,45315,22.2,32.4,65.6,6.7,9.9,40.1,10.6,3.0,2.3,19.0
2021,54105,West Virginia,Wirt,49.3,3.0,49441,20.9,31.0,61.5,7.6,11.5,40.0,14.1,3.0,2.08,17.0
2022,54105,West Virginia,Wirt,48.4,2.6,52776,20.3,33.1,63.8,8.2,9.2,45.4,15.2,3.0,2.83,25.0
2023,54105,West Virginia,Wirt,48.1,3.3,54688,18.3,30.4,57.8,10.4,9.6,47.9,16.2,3.0,2.93,29.0
2013,54107,West Virginia,Wood,58.5,9.8,42287,16.2,23.7,53.3,7.7,7.6,38.1,19.0,3.0,10.65,5330.0
2014,54107,West Virginia,Wood,58.3,9.7,42471,16.8,25.1,52.4,8.0,7.7,37.7,19.4,3.0,10.15,5040.0
2015,54107,West Virginia,Wood,57.4,8.6,41884,17.4,25.7,51.1,8.2,7.8,38.1,18.8,3.0,10.1,4255.0
2016,54107,West Virginia,Wood,56.9,7.6,43944,17.4,26.9,50.9,8.1,7.6,37.2,20.3,3.0,10.02,3820.0
2017,54107,West Virginia,Wood,56.2,6.0,45537,16.9,26.5,51.1,8.2,6.9,35.8,21.5,3.0,10.78,4093.0
2018,54107,West Virginia,Wood,55.4,5.1,45958,16.7,25.4,50.8,8.3,7.3,34.9,21.8,3.0,9.77,3258.0
2019,54107,West Virginia,Wood,54.4,4.6,47321,16.8,24.3,49.7,8.3,7.2,34.4,21.9,3.0,7.63,1952.0
2020,54107,West Virginia,Wood,54.5,5.0,48711,15.5,22.5,50.0,8.0,6.4,33.9,22.0,3.0,6.64,1287.0
2021,54107,West Virginia,Wood,54.9,5.3,50231,14.8,18.8,49.8,7.8,6.5,35.0,21.8,3.0,4.2,616.0
2022,54107,West Virginia,Wood,55.2,5.3,54350,14.8,19.3,49.0,7.7,6.7,35.3,22.0,3.0,3.85,558.0
2023,54107,West Virginia,Wood,55.5,5.6,56193,14.8,19.0,48.6,7.4,7.0,35.5,22.9,3.0,3.36,442.0
2013,54109,West Virginia,Wyoming,38.3,6.5,34454,21.5,33.4,56.2,8.8,16.3,47.9,6.4,6.0,0.73,106.0
2014,54109,West Virginia,Wyoming,38.5,8.3,34620,20.9,30.5,56.5,9.2,16.6,47.4,6.8,6.0,0.71,103.0
2015,54109,West Virginia,Wyoming,38.4,10.1,33730,21.8,30.6,55.7,9.6,14.6,46.0,7.9,6.0,0.88,106.0
2016,54109,West Virginia,Wyoming,39.5,12.1,35469,20.1,28.9,57.0,10.3,14.1,47.6,8.2,6.0,0.95,102.0
2017,54109,West Virginia,Wyoming,39.6,11.7,37644,22.2,29.6,58.6,9.0,13.1,48.4,9.3,6.0,0.79,76.0
2018,54109,West Virginia,Wyoming,39.4,13.2,40045,21.7,25.8,58.2,8.4,11.5,49.1,9.5,6.0,0.42,30.0
2019,54109,West Virginia,Wyoming,39.9,13.4,42332,22.4,29.4,59.7,8.4,11.4,48.7,9.3,6.0,0.39,23.5
2020,54109,West Virginia,Wyoming,41.0,11.6,44095,21.4,29.8,62.6,7.7,13.5,46.6,11.8,6.0,0.36,17.0
2021,54109,West Virginia,Wyoming,36.9,8.0,44630,25.3,31.2,55.8,8.0,14.0,46.7,11.6,6.0,0.51,24.0
2022,54109,West Virginia,Wyoming,37.3,6.4,44510,24.4,31.3,51.7,9.4,15.8,46.6,11.4,6.0,0.94,41.0
2023,54109,West Virginia,Wyoming,38.5,5.6,48038,22.6,26.0,55.2,9.2,15.0,45.7,12.0,8.0,1.39,56.0
